<?xml version="1.0" encoding="utf-8"?>
<manifest xmlns="http://www.we7.cc" versionCode="">
	<application setting="false">
		<name><![CDATA[海奇会员]]></name>
		<identifie><![CDATA[haiqihuiyuan_customer]]></identifie>
		<version><![CDATA[1.0]]></version>
		<type><![CDATA[customer]]></type>
		<ability><![CDATA[海奇会员系统]]></ability>
		<description><![CDATA[海奇会员系统]]></description>
		<author><![CDATA[sxm0202]]></author>
		<url><![CDATA[]]></url>
	</application>
	<platform>
		<subscribes>
		</subscribes>
		<handles>
		</handles>
		<rule embed="false" />
		<card embed="false" />
		<supports>
		</supports>
	</platform>
	<bindings>
		<menu>
			<entry title="海奇会员管理" do="addUser" state="" direct="false" />
		</menu>
	</bindings>
	<permissions>
	</permissions>
	<install><![CDATA[]]></install>
	<uninstall><![CDATA[]]></uninstall>
	<upgrade><![CDATA[]]></upgrade>
</manifest>